bookTitle1, bookAuthor1, bookGenre1, 0000000000001, 0123
bookTitle2, bookAuthor2, bookGenre2, 0000000000002, 1234
bookTitle3, bookAuthor3, bookGenre3, 0000000000003, 1522
bookTitle4, bookAuthor4, bookGenre4, 0000000000004, 1555
bookTitle5, bookAuthor5, bookGenre5, 0000000000005, 1666
bookTitle6, bookAuthor6, bookGenre6, 0000000000006, 1777
bookTitle7, bookAuthor7, bookGenre7, 0000000000007, 1888
bookTitle8, bookAuthor8, bookGenre8, 0000000000008, 1990
bookTitle9, bookAuthor9, bookGenre9, 0000000000009, 1120
bookTitle10, bookAuthor10, bookGenre10, 0000000000010, 1695
bookTitle11, bookAuthor11, bookGenre11, 0000000000011, 1960
bookTitle12, bookAuthor12, bookGenre12, 0000000000012, 1923
bookTitle13, bookAuthor13, bookGenre13, 0000000000013, 1950
bookTitle14, bookAuthor14, bookGenre14, 0000000000014, 1939
